वृत्त,पाद,गण,लक्षण,अक्षरसङ्ख्या,मात्रा,यति
"अतिरेखा, सुखेलक, प्रभद्रक",,नजभजर,ललललगलगलललगलगलग,15,20,"5,10"
अतिशायिनी,,ससजभजगग,ललगललगलगलगलललगलगग,17,24,"10,7"
"अद्रितनया, अश्वललित",,नजभजभजभलग,ललललगलगलललगलगलललगलगलललग,23,30,"11,12"
अपराजिता,,ननरसलग,ललललललगलगललगलग,14,18,"7,7"
अपवाह,,मननननननसगग,गगगललललललललललललललललललललगगग,26,32,"9,6,6,5"
असम्बाधा,,मतनसगग,गगगगगललललललगगग,14,22,"5,9"
इन्द्रवज्रा,,ततजगग,गगलगगललगलगग,11,18,"5,6"
इन्द्रवंशा,,ततजर,गगलगगललगलगलग,12,19,"5,7"
उज्ज्वला,,ननभर,ललललललगललगलग,12,15,
"उपस्थित, शिखण्डित",,जसतगग,लगलललगगगलगग,11,17,
उपेन्द्रवज्रा,,जतजगग,लगलगगललगलगग,11,17,"5,6"
"ऋषभगजविलसित, गजतुरगविलसित",,भरनननग,गललगलगलललललललललग,16,20,"7,11"
"कलहंस, कुटजा, सिंहनाद, नन्दिनी",,सजससग,ललगलगलललगललगग,13,18,"6,7"
कुमारललिता,,जसग,लगलललगग,7,10,"3,4"
कुसुमविचित्रा,,नयनय,ललललगगललललगग,12,16,
कुसुमितलतावेल्लिता,,मतनययय,गगगगगलललललगगलगगलगग,18,29,"5,6,7"
क्रौञ्चपदा,,भमसभननननग,गललगगगललगगललललललललललललललग,25,32,"5,5,8,7"
"क्षमा, उत्पलिनी, चन्द्रिका",,ननततग,ललललललगगलगगलग,13,18,"7,6"
गजगति,,नभलग,लललगलललग,8,10,"4,4"
गीतिका,,सजसभरसलग,ललगलगलललगगललगलगललगलग,20,28,"5,5,5,5"
चन्द्रलेखा,,मरमयय,गगगगलगगगगलगगलगग,15,27,"7,8"
चन्द्रवर्त्म,,रनभस,गलगलललगललललग,12,16,"4,8"
चित्र,,रजरजरग,गलगलगलगलगलगलगलगग,16,25,"8,8"
चित्रपदा,,भभगग,गललगललगग,8,12,
चित्रलेखा,,मभनययय,गगगगललललललगगलगगलगग,18,28,"4,7,7"
जलधरमाला,,मभसम,गगगगललललगगगग,12,20,"4,8"
जलोद्धतगति,,जसजस,लगलललगलगलललग,12,16,"6,6"
तन्वी,,भतनसभभनय,गललगगललललललगगललगललललललगग,24,32,"5,7,12"
तामरस,,नजजय,ललललगललगललगग,12,16,"5,7"
"तारका, नाराच",,ननरररर,ललललललगलगगलगगलगगलग,18,26,"13,5"
"तूणक, चामर",,रजरजर,गलगलगलगलगलगलगलग,15,23,"7,8"
तोटक,,सससस,ललगललगललगललग,12,16,"6,6"
त्वरितगति,,नजनग,ललललगललललग,10,12,"5,5"
दोधक,,भभभगग,गललगललगललगग,11,16,"6,5"
"द्रुतविलम्बित, हरिणप्लुत",,नभभर,लललगललगललगलग,12,16,"4,8"
नन्दन,,नजभजरर,ललललगलगलललगलगलगगलग,18,25,"11,7"
"नर्दटक, नर्कुटक",,नजभजजलग,ललललगलगलललगललगललग,17,22,"8,9"
"नवमालिनी, नवमालिका",,नजभय,ललललगलगलललगग,12,16,"8,4"
"पञ्चकावली, धृतश्री, सरसी",,नजभजजजर,ललललगलगलललगललगललगलगलग,21,28,"7,7,7"
पञ्चचामर,,जरजरजग,लगलगलगलगलगलगलगलग,16,24,"8,8"
पणव,,मनयग,गगगललललगगग,10,16,"5,5"
"पथ्या,मञ्जरी",,सजसयलग,ललगलगलललगलगगलग,14,20,"5,9"
पुट,,ननमय,ललललललगगगलगग,12,17,"8,4"
पृथ्वी,,जसजसयलग,लगलललगलगलललगलगगलग,17,24,"8,9"
"प्रभा, मन्दाकिनी, प्रमुदितवदना",,ननरर,ललललललगलगगलग,12,16,"7,5"
"प्रमदा, कुररीरुता",,नजभजलग,ललललगलगलललगललग,14,18,"6,8"
"प्रमाणिका, नगस्वरूपिणी",,जरलग,लगलगलगलग,8,12,"4,4"
प्रमिताक्षरा,,सजसस,ललगलगलललगललग,12,16,"5,7"
प्रहरणकलिका,,ननभनलग,ललललललगललललललग,14,16,"7,7"
प्रहर्षिणी,,मनजरग,गगगललललगलगलगग,13,20,"3,10"
भद्रिका २,,ननरलग,ललललललगलगलग,11,14,
भुजगशिशुभृता,,ननम,ललललललगगग,9,12,"7,2"
भुजङ्गप्रयात,,यययय,लगगलगगलगगलगग,12,20,"6,6"
"भुजङ्गविजृम्भित, भुजङ्गविलसित",,ममतनननरसलग,गगगगगगगगललललललललललगलगललगलग,26,38,"8,11,7"
भुजङ्गसङ्गता,,सजर,ललगलगलगलग,9,13,"3,6"
"भ्रमरविलसित,भ्रमरविलसिता",,मभनलग,गगगगललललललग,11,16,"4,7"
"मञ्जुभाषिणी, प्रबोधिता, सुनन्दिनी",,सजसजग,ललगलगलललगलगलग,13,18,"6,7"
मणिमध्य,,भमस,गललगगगललग,9,14,"5,4"
मणिमाला,,तयतय,गगललगगगगललगग,12,20,"6,3"
मत्तमयूर,,मतयसग,गगगगगललगगललगग,13,22,"4,9"
मत्तविलासिनी,,भभभभभभर,गललगललगललगललगललगललगलग,21,29,
मत्ता,,मभसग,गगगगललललगग,10,16,"4,6"
मत्ताक्रीडा,,ममतननननलग,गगगगगगगगललललललललललललललग,23,32,"8,15"
मत्तेभविक्रीडित,,सभरनमयलग,ललगगललगलगलललगगगलगगलग,20,30,"13,7"
मदलेखा,,मसग,गगगललगग,7,12,
"मदिरा, मानिनी",,भभभभभभभग,गललगललगललगललगललगललगललग,22,30,
"मधुमती, मधु",,ननग,ललललललग,7,8,
"मध्यक्षामा, कुटिला, हंसश्येनी",,मभनयगग,गगगगललललललगगगग,14,22,"4,10"
मनोरमा,,नरजग,लललगलगलगलग,10,14,
मन्दाक्रान्ता,,मभनततगग,गगगगलललललगगलगगलगग,17,27,"4,6,7"
मन्दारमाला,,तततततततग,गगलगगलगगलगगलगगलगगलगगलग,22,37,"4,6,6,6"
मयूरसारिणी,,रजरग,गलगलगलगलगग,10,16,
"माणवक, माणवकक्रीड",,भतलग,गललगगललग,8,12,"4,4"
"मालती, यमुना",,नजजर,ललललगललगलगलग,12,16,"5,7"
मालिनी,,ननमयय,ललललललगगगलगगलगग,15,22,"8,7"
मेघविस्फूर्जिता,,यमनसररग,लगगगगगलललललगगलगगलगग,19,30,"6,6,7"
रथोद्धता,,रनरलग,गलगलललगलगलग,11,16,"3,8"
"रुक्मवती, चम्पकमाला",,भमसग,गललगगगललगग,10,16,"5,5"
"रुचिरा, प्रभावती",,जभसजग,लगलगललललगलगलग,13,18,"4,9"
ललिता,,तभजर,गगलगलललगलगलग,12,18,
"कामक्रीडा, लीलाखेल",,ममममम,गगगगगगगगगगगगगगग,15,30,"8,7"
वंशपत्रपतित,,भरनभनलग,गललगलगलललगललललललग,17,22,"10,7"
"वंशस्थ, वंशस्थविल, वंशस्तनित",,जतजर,लगलगगललगलगलग,12,18,"5,7"
"वसन्ततिलका, सिंहोन्नता, सिंहोद्धता, उद्धर्षिणी",,तभजजगग,गगलगलललगललगलगग,14,21,"8,6"
वाणिनी,,नजभजरग,ललललगलगलललगलगलगग,16,22,
वातोर्मी,,मभतगग,गगगगललगगलगग,11,19,"4,7"
वासन्ती,,मतनमगग,गगगगगललललगगगगग,14,24,"4,6,4"
विद्युन्माला,,ममगग,गगगगगगगग,8,16,"4,4"
वृत्ता,,ननसगग,ललललललललगगग,11,14,"4,7"
वैश्वदेवी,,ममयय,गगगगगगलगगलगग,12,22,"5,7"
शशिकला,,ननननस,ललललललललललललललग,15,16,"7,8"
शार्दूलललित,,मसजसतस,गगगललगलगलललगगगलललग,18,27,"12,6"
शार्दूलविक्रीडित,,मसजसततग,गगगललगलगलललगगगलगगलग,19,30,"12,7"
शालिनी,,मततगग,गगगगगलगगलगग,11,20,"4,7"
शिखरिणी,,यमनसभलग,लगगगगगलललललगगलललग,17,25,"6,11"
शुद्धविराट्,,मसजग,गगगललगलगलग,10,16,
"श्येनी, श्येनिका",,रजरलग,गलगलगलगलगलग,11,17,
सुमधुरा,,मरभरमनग,गगगगलगगललगलगगगगलललग,19,31,"7,6,6"
सुमन्दारमाला,,यययययययलग,लगगलगगलगगलगगलगगलगगलगगलग,23,38,"5,6,6,6"
सुमुखी,,नजजलग,ललललगललगललग,11,14,"5,6"
सुरसा,,मरभरयनग,गगगगलगगललगलगलगगलललग,19,30,"7,7,5"
सुवदना,,मरभनयभलग,गगगगलगगललललललगगगलललग,20,30,"7,7,6"
स्रग्धरा,,मरभनययय,गगगगलगगललललललगगलगगलगग,21,33,"7,7,7"
स्रग्विणी,,रररर,गलगगलगगलगगलग,12,20,"6,6"
स्वागता,,रनभगग,गलगलललगललगग,11,16,"3,8"
हरिणी,,नसमरसलग,लललललगगगगगलगललगलग,17,25,"6,4,7"
हंसरुत,,मनगग,गगगलललगग,8,13,
हंसी १,,ममतनननसग,गगगगगगगगललललललललललललगग,22,32,"8,14"
नदी १,,मर,गगगगलग,6,11,
पङ्क्ति,,भगग,गललगग,5,8,
कन्या,,मग,गगगग,4,8,
सती,,नग,लललग,4,5,
तनुमध्या,,तय,गगललगग,6,10,
रमणी,,सस,ललगललग,6,8,
लासिनी,,जग,लगलग,4,6,
वसुमती,,तस,गगलललग,6,9,
मणिराग,,रससग,गलगललगललगग,10,15,
मन्दा,,तलग,गगललग,5,8,
प्रिया,,सलग,ललगलग,5,7,
मुकुल,,मस,गगगललग,6,10,
मेघवितान,,सससग,ललगललगललगग,10,14,
मौक्तिकदाम,,जजजज,लगललगललगललगल,12,16,"6,6"
शशिवदना,,नय,ललललगग,6,8,
"मौक्तिकमाला, श्री, अनुकूला",,भतनगग,गललगगललललगग,11,16,"5,6"
"सावित्री, विद्युल्लेखा",,मम,गगगगगग,6,12,
हंसमाला,,सरग,ललगगलगग,7,11,
"हरनर्तक, मत्तकोकिल",,रसजजभर,गलगललगलगललगलगललगलग,18,26,
हलमुखी,,रनस,गलगलललललग,9,12,
सोमराजी,,यय,लगगलगग,6,10,
समृद्धि,,रग,गलगग,4,7,
प्रीति,,रगग,गलगगग,5,9,
बृहती,,ननन,ललललललललल,9,9,
भद्रक,,भरनरनरनग,गललगलगलललगलगलललगलगलललग,22,30,"4,6,6,6"
"कुसुममालिका, शुद्धकामदा",,नररलग,लललगलगगलगलग,11,16,
हंसी २,,मभनग,गगगगलललललग,10,15,
दीपकमाला,,भमजग,गललगगगलगलग,10,16,
उपस्थिता,,तजजग,गगललगललगलग,10,15,
भद्रिका १,,रनर,गलगलललगलग,9,13,
मदनललिता,,मभनमनग,गगगगलललललगगगलललग,16,24,"4,6,6"
प्रवरललित,,यमनसरग,लगगगगगलललललगगलगग,16,25,
चकिता,,भसमतनग,गललललगगगगगगललललग,16,24,"8,8"
निशिपालक,,भजसनर,गलललगलललगलललगलग,15,20,
नलिनी,,ससससस,ललगललगललगललगललग,15,20,
मानसहंस,,सजजभर,ललगलगललगलगललगलग,15,21,
ऋषभ,,सजससय,ललगलगलललगललगलगग,15,21,
उपमालिनी,,ननतभर,ललललललगगलगललगलग,15,20,"8,7"
चन्द्रकान्ता,,ररमसय,गलगगलगगगगललगलगग,15,25,"7,8"
एला,,सजननय,ललगलगललललललललगग,15,19,"5,10"
समानिका,,रजगल,गलगलगलगल,8,12,
नाराचिका,,तरलग,गगलगलगलग,8,13,
मोटनक,,तजजलग,गगललगललगललग,11,16,
उपचित्र,,सससलग,ललगललगललगलग,11,15,
कुपुरुषजनिता,,ननरगग,ललललललगलगगग,11,15,
अनवसिता,,नयभगग,ललललगगगललगग,11,16,
विध्वङ्कमाला,,तततगग,गगलगगलगगलगग,11,19,
सान्द्रपद,,भतनगल,गललगगललललगल,11,15,
प्रियंवदा,,नभजर,लललगलललगलगलग,12,16,
ललना,,भमसस,गललगगगललगललग,12,18,"5,7"
ललित,,ननमर,ललललललगगगगलग,12,17,
द्रुतपद,,नभनय,लललगललललललगग,12,15,
विद्याधार,,मममम,गगगगगगगगगगगग,12,24,
सारङ्ग,,तततत,गगलगगलगगलगगल,12,20,
मोटक,,भभभभ,गललगललगललगलल,12,16,
तरलनयन,,नननन,लललललललललललल,12,12,
चण्डी,,ननससग,ललललललललगललगग,13,16,
मृगेन्द्रमुख,,नजजरग,ललललगललगलगलगग,13,18,
मञ्जुहासिनी,,जतसजग,लगलगगलललगलगलग,13,19,
कुटजगति,,नजमतग,ललललगलगगगगगलग,13,20,"7,6"
लोला,,मसमभगग,गगगललगगगगगललगग,14,24,"7,7"
नान्दीमुखी,,ननततगग,ललललललगगलगगलगग,14,20,"7,7"
नदी २,,ननतजगग,ललललललगगललगलगग,14,19,"7,7"
"इन्दुवदना, वनमयूर",,भजसनगग,गलललगलललगलललगग,14,19,"9,5"
लक्ष्मी,,मसतभगग,गगगललगगगलगललगग,14,23,
सुपवित्र,,ननननगग,ललललललललललललगग,14,16,
कुटिल,,सभनयगग,ललगगललललललगगगग,14,20,"4,10"
कुमारी,,नजभजगग,ललललगलगलललगलगग,14,19,"8,6"
सुकेसर,,नरनरलग,लललगलगलललगलगलग,14,19,
चन्द्रौरस,,मभनयलग,गगगगललललललगगलग,14,21,
चक्रपद,,भनननलग,गललललललललललललग,14,16,
वासन्ती (श),,मतनयगग,गगगगगलललललगगगग,14,23,
स्रक्,,ननननस,ललललललललललललललग,15,16,"6,9"
मणिगुणनिकर,,ननननस,ललललललललललललललग,15,16,"8,7"
विपिनतिलक,,नसनरर,लललललगलललगलगगलग,15,20,
चित्रा,,मममयय,गगगगगगगगगलगगलगग,15,28,
तरलि,,भसनजनर,गललललगललललगललललगलग,18,23,"11,7"
"हंसगति, कविराजविराजित",,नजजजजजजलग,ललललगललगललगललगललगललगललग,23,30,"8,6,6,3"
मङ्गलमहश्री,,भजसनभजसनगग,गलललगलललगलललगलललगलललगलललगग,26,34,"9,8,9"
महास्रग्धरा,,सततनसररग,ललगगगलगगललललललगगलगगलगग,22,33,"9,7,6"
लयविभाति,,नससनसननसनननग,लललललगललगलललललगललललललललगलललललललललग,34,39,"2,9,9,9,5"
लयग्राहि,,भजसनभजसनभय,गलललगलललगलललगलललगलललगलललगलललगग,30,39,"2,8,8,8,4"
